group,email_id,system_says,fields_flagged_or_reason,si_file,bl_file,shipper (SI),shipper (BL),consignee (SI),consignee (BL),notify_party (SI),notify_party (BL),port_of_loading (SI),port_of_loading (BL),port_of_discharge (SI),port_of_discharge (BL),container_count (SI),container_count (BL),gross_weight_kg (SI),gross_weight_kg (BL),checked_by,verdict,notes
MISMATCH,email_004,MISMATCH,"consignee, notify_party",attachments/email_004_SI.txt,attachments/email_004_BL.txt,APRIL FAR EAST (M) SDN BHD,APRIL FAR EAST (M) SDN BHD,EAST BRIGHT FZ-LLC,UAB NOVAKOPA,EAST BRIGHT FZ-LLC,UAB NOVAKOPA,"NANTONG, CHINA (CNNTG)","NANTONG, CHINA (CNNTG)","KARACHI, PAKISTAN (PKKHI)","KARACHI, PAKISTAN (PKKHI)",6 x 40'HC,6 x 40'HC,"131,058 KG","131,058 KG",,,
MISMATCH,email_013,MISMATCH,port_of_discharge,attachments/email_013_SI.txt,attachments/email_013_BL.txt,ASIA PACIFIC PAPERBOARD TRADING PTE LTD,ASIA PACIFIC PAPERBOARD TRADING PTE LTD,ROXCEL TRADING GMBH,ROXCEL TRADING GMBH,ROXCEL TRADING GMBH,ROXCEL TRADING GMBH,SINGAPORE (SGSIN),SINGAPORE (SGSIN),"MOMBASA, KENYA (KEMBA)","TUTICORIN, INDIA (KEMBA)",3 x 40'HC,3 x 40'HC,"67,311 KG","67,311 KG",,,
MISMATCH,email_025,MISMATCH,"port_of_discharge, container_count",attachments/email_025_SI.txt,attachments/email_025_BL.txt,APRIL FAR EAST (M) SDN BHD,APRIL FAR EAST (M) SDN BHD,CERIEX,CERIEX,ROXCEL TRADING GMBH,ROXCEL TRADING GMBH,"PORT KLANG (WESTPORT), MALAYSIA (MYPKG)","PORT KLANG (WESTPORT), MALAYSIA (MYPKG)","FREMANTLE, AUSTRALIA (AUFRE)","BUSAN, SOUTH KOREA (AUFRE)",6 x 20'GP,5 x 20'GP,"135,126 KG","135,126 KG",,,
MISMATCH,email_031,MISMATCH,"container_count, gross_weight_kg",attachments/email_031_SI.txt,attachments/email_031_BL.txt,APRIL FINE PAPER TRADING (MIDDLE EAST) FZE,APRIL FINE PAPER TRADING (MIDDLE EAST) FZE,VITAL SOLUTIONS PTE. LTD.,VITAL SOLUTIONS PTE. LTD.,VITAL SOLUTIONS PTE. LTD.,VITAL SOLUTIONS PTE. LTD.,"NHAVA SHEVA, INDIA (INNSA)","NHAVA SHEVA, INDIA (INNSA)","MOMBASA, KENYA (KEMBA)","MOMBASA, KENYA (KEMBA)",1 x 20'GP,3 x 20'GP,"21,114 KG","23,114 KG",,,
MISMATCH,email_043,MISMATCH,container_count,attachments/email_043_SI.txt,attachments/email_043_BL.txt,ASIA PACIFIC PAPERBOARD TRADING PTE LTD,ASIA PACIFIC PAPERBOARD TRADING PTE LTD,PACIFIC OFFICE (M) SDN BHD,PACIFIC OFFICE (M) SDN BHD,PACIFIC OFFICE (M) SDN BHD,PACIFIC OFFICE (M) SDN BHD,"NHAVA SHEVA, INDIA (INNSA)","NHAVA SHEVA, INDIA (INNSA)","KLAIPEDA, LITHUANIA (LTKLJ)","KLAIPEDA, LITHUANIA (LTKLJ)",3 x 20'GP,5 x 20'GP,"68,649 KG","68,649 KG",,,
MISMATCH,email_046,MISMATCH,notify_party,attachments/email_046_SI.txt,attachments/email_046_BL.txt,APRIL FINE PAPER TRADING (MIDDLE EAST) FZE,APRIL FINE PAPER TRADING (MIDDLE EAST) FZE,SAFQA LIMITED,SAFQA LIMITED,TOPKOPY MIDDLE EAST FZE,"MOORIM SP CO., LTD","PORT KLANG (WESTPORT), MALAYSIA (MYPKG)","PORT KLANG (WESTPORT), MALAYSIA (MYPKG)","SAVANNAH, US (USSAV)","SAVANNAH, US (USSAV)",12 x 20'FCL,12 x 20'FCL,"257,340 KG","257,340 KG",,,
MISMATCH,email_065,MISMATCH,"notify_party, port_of_discharge",attachments/email_065_SI.txt,attachments/email_065_BL.txt,APRIL FINE PAPER TRADING (MIDDLE EAST) FZE,APRIL FINE PAPER TRADING (MIDDLE EAST) FZE,INTERNATIONAL FOREST PRODUCTS LLC,INTERNATIONAL FOREST PRODUCTS LLC,INTERNATIONAL FOREST PRODUCTS LLC,HABRAS INTERNATIONAL LIMITED,"PORT KLANG (WESTPORT), MALAYSIA (MYPKG)","PORT KLANG (WESTPORT), MALAYSIA (MYPKG)","HOCHIMINH CITY, VIETNAM (VNSGN)","BUSAN, SOUTH KOREA (VNSGN)",1 x 40'HC,1 x 40'HC,"21,479 KG","21,479 KG",,,
MISMATCH,email_071,MISMATCH,"port_of_discharge, container_count",attachments/email_071_SI.txt,attachments/email_071_BL.txt,APRIL FAR EAST (M) SDN BHD,APRIL FAR EAST (M) SDN BHD,HABRAS INTERNATIONAL LIMITED,HABRAS INTERNATIONAL LIMITED,HABRAS INTERNATIONAL LIMITED,HABRAS INTERNATIONAL LIMITED,"PORT KLANG (WESTPORT), MALAYSIA (MYPKG)","PORT KLANG (WESTPORT), MALAYSIA (MYPKG)","YANGON, MYANMAR (MMRGN)","CEBU, PHILIPPINES (MMRGN)",6 x 40'HC,8 x 40'HC,"132,006 KG","132,006 KG",,,
MISMATCH,email_091,MISMATCH,container_count,attachments/email_091_SI.txt,attachments/email_091_BL.txt,APRIL FINE PAPER TRADING,APRIL FINE PAPER TRADING,ORIENT LINKS CO (LLC),ORIENT LINKS CO (LLC),VITAL SOLUTIONS PTE. LTD.,VITAL SOLUTIONS PTE. LTD.,"NHAVA SHEVA, INDIA (INNSA)","NHAVA SHEVA, INDIA (INNSA)","CALLAO, PERU (PECLL)","CALLAO, PERU (PECLL)",3 x 40'HC,2 x 40'HC,"67,953 KG","67,953 KG",,,
MISMATCH,email_097,MISMATCH,"container_count, gross_weight_kg",attachments/email_097_SI.xlsx,attachments/email_097_BL.docx,APRIL FINE PAPER TRADING (MIDDLE EAST) FZE,APRIL FINE PAPER TRADING (MIDDLE EAST) FZE,ROXCEL TRADING GMBH,ROXCEL TRADING GMBH,NAGAPPA EXPORTS,NAGAPPA EXPORTS,SINGAPORE,SINGAPORE,"BRISBANE, AUSTRALIA","BRISBANE, AUSTRALIA",10 x 40'HC,11 x 40'HC,216950,"215,950",,,
MISMATCH,email_107,MISMATCH,"consignee, container_count",attachments/email_107_SI.xlsx,attachments/email_107_BL.docx,APRIL FINE PAPER TRADING (MIDDLE EAST) FZE,APRIL FINE PAPER TRADING (MIDDLE EAST) FZE,"KTP CO., LTD",VITAL SOLUTIONS PTE. LTD.,"KTP CO., LTD","KTP CO., LTD","PORT KLANG (WESTPORT), MALAYSIA","PORT KLANG (WESTPORT), MALAYSIA","MOMBASA, KENYA","MOMBASA, KENYA",2 x 40'HC,3 x 40'HC,41124,"41,124",,,
MISMATCH,email_111,MISMATCH,container_count,attachments/email_111_SI.txt,attachments/email_111_BL.txt,APRIL FAR EAST (M) SDN BHD,APRIL FAR EAST (M) SDN BHD,CLIFFORD PAPER INC,CLIFFORD PAPER INC,CLIFFORD PAPER INC,CLIFFORD PAPER INC,"RUGAO/NANTONG/SHANGHAI, CHINA (CNSHA)","RUGAO/NANTONG/SHANGHAI, CHINA (CNSHA)","APAPA, NIGERIA (NGAPP)","APAPA, NIGERIA (NGAPP)",4 x 20'GP,3 x 20'GP,"91,524 KG","91,524 KG",,,
MISMATCH,email_119,MISMATCH,port_of_loading,attachments/email_119_SI.txt,attachments/email_119_BL.txt,APRIL FINE PAPER TRADING,APRIL FINE PAPER TRADING,CLIFFORD PAPER INC,CLIFFORD PAPER INC,CLIFFORD PAPER INC,CLIFFORD PAPER INC,"PORT KLANG (WESTPORT), MALAYSIA (MYPKG)","SINGAPORE, SINGAPORE (MYPKG)","SAVANNAH, US (USSAV)","SAVANNAH, US (USSAV)",15 x 40'HC,15 x 40'HC,"322,590 KG","322,590 KG",,,
MISMATCH,email_121,MISMATCH,gross_weight_kg,attachments/email_121_SI.txt,attachments/email_121_BL.txt,APRIL FINE PAPER TRADING (MIDDLE EAST) FZE,APRIL FINE PAPER TRADING (MIDDLE EAST) FZE,CLIFFORD PAPER INC,CLIFFORD PAPER INC,CLIFFORD PAPER INC,CLIFFORD PAPER INC,"NANTONG, CHINA (CNNTG)","NANTONG, CHINA (CNNTG)","BRISBANE, AUSTRALIA (AUBNE)","BRISBANE, AUSTRALIA (AUBNE)",1 x 20'GP,1 x 20'GP,"20,842 KG","21,342 KG",,,
MISMATCH,email_128,MISMATCH,"port_of_loading, gross_weight_kg",attachments/email_128_SI.txt,attachments/email_128_BL.txt,APRIL FINE PAPER TRADING,APRIL FINE PAPER TRADING,BALL & DOGGETT AUSTRALIA PTY LTD,BALL & DOGGETT AUSTRALIA PTY LTD,BALL & DOGGETT AUSTRALIA PTY LTD,BALL & DOGGETT AUSTRALIA PTY LTD,"NHAVA SHEVA, INDIA (INNSA)","BUATAN, INDONESIA (INNSA)","NEW YORK, US (USNYC)","NEW YORK, US (USNYC)",15 x 40'HC,15 x 40'HC,"323,250 KG","322,250 KG",,,
MISMATCH,email_129,MISMATCH,"port_of_loading, port_of_discharge",attachments/email_129_SI.txt,attachments/email_129_BL.txt,APRIL FINE PAPER TRADING,APRIL FINE PAPER TRADING,SAFQA LIMITED,SAFQA LIMITED,SAFQA LIMITED,SAFQA LIMITED,"NHAVA SHEVA, INDIA (INNSA)","BUATAN, INDONESIA (INNSA)","ASHDOD, ISRAEL (ILASH)","TUTICORIN, INDIA (ILASH)",6 x 40'HC,6 x 40'HC,"124,188 KG","124,188 KG",,,
MISMATCH,email_133,MISMATCH,gross_weight_kg,attachments/email_133_SI.txt,attachments/email_133_BL.txt,APRIL FINE PAPER TRADING,APRIL FINE PAPER TRADING,"MOORIM SP CO., LTD","MOORIM SP CO., LTD",BALL & DOGGETT AUSTRALIA PTY LTD,BALL & DOGGETT AUSTRALIA PTY LTD,"NANTONG, CHINA (CNNTG)","NANTONG, CHINA (CNNTG)","CALLAO, PERU (PECLL)","CALLAO, PERU (PECLL)",6 x 20'GP,6 x 20'GP,"142,848 KG","144,848 KG",,,
MISMATCH,email_144,MISMATCH,"consignee, container_count",attachments/email_144_SI.txt,attachments/email_144_BL.txt,APRIL FINE PAPER TRADING,APRIL FINE PAPER TRADING,NAGAPPA EXPORTS,PACIFIC OFFICE (M) SDN BHD,NAGAPPA EXPORTS,NAGAPPA EXPORTS,"NHAVA SHEVA, INDIA (INNSA)","NHAVA SHEVA, INDIA (INNSA)","MERSIN, TURKEY (TRMER)","MERSIN, TURKEY (TRMER)",12 x 40'HC,11 x 40'HC,"264,180 KG","264,180 KG",,,
MISMATCH,email_145,MISMATCH,shipper,attachments/email_145_SI.txt,attachments/email_145_BL.txt,APRIL FINE PAPER TRADING,APRIL FINE PAPER TRADING (MIDDLE EAST) FZE,PACIFIC OFFICE (M) SDN BHD,PACIFIC OFFICE (M) SDN BHD,PACIFIC OFFICE (M) SDN BHD,PACIFIC OFFICE (M) SDN BHD,"NANTONG, CHINA (CNNTG)","NANTONG, CHINA (CNNTG)","BUSAN, SOUTH KOREA (KRPUS)","BUSAN, SOUTH KOREA (KRPUS)",15 x 20'FCL,15 x 20'FCL,"313,380 KG","313,380 KG",,,
MISMATCH,email_174,MISMATCH,"notify_party, port_of_discharge",attachments/email_174_SI.txt,attachments/email_174_BL.txt,APRIL FINE PAPER TRADING (MIDDLE EAST) FZE,APRIL FINE PAPER TRADING (MIDDLE EAST) FZE,TOAN LUC PAPER JOINT STOCK COMPANY,TOAN LUC PAPER JOINT STOCK COMPANY,TOAN LUC PAPER JOINT STOCK COMPANY,"MOORIM SP CO., LTD","RUGAO/NANTONG/SHANGHAI, CHINA (CNSHA)","RUGAO/NANTONG/SHANGHAI, CHINA (CNSHA)","CONAKRY, GUINEA (GNCKY)","HOCHIMINH CITY, VIETNAM (GNCKY)",1 x 20'FCL,1 x 20'FCL,"20,532 KG","20,532 KG",,,
MISMATCH,email_178,MISMATCH,container_count,attachments/email_178_SI.txt,attachments/email_178_BL.txt,APRIL FAR EAST (M) SDN BHD,APRIL FAR EAST (M) SDN BHD,ORIENT LINKS CO (LLC),ORIENT LINKS CO (LLC),3S PAPER PRODUCTS SDN BHD,3S PAPER PRODUCTS SDN BHD,"PORT KLANG (WESTPORT), MALAYSIA (MYPKG)","PORT KLANG (WESTPORT), MALAYSIA (MYPKG)","CALLAO, PERU (PECLL)","CALLAO, PERU (PECLL)",6 x 20'GP,7 x 20'GP,"132,516 KG","132,516 KG",,,
MISMATCH,email_182,MISMATCH,"port_of_discharge, container_count",attachments/email_182_SI.txt,attachments/email_182_BL.txt,APRIL FAR EAST (M) SDN BHD,APRIL FAR EAST (M) SDN BHD,"KTP CO., LTD","KTP CO., LTD","KTP CO., LTD","KTP CO., LTD","NANTONG, CHINA (CNNTG)","NANTONG, CHINA (CNNTG)","APAPA, NIGERIA (NGAPP)","BALTIMORE, US (NGAPP)",5 x 40'HC,6 x 40'HC,"100,240 KG","100,240 KG",,,
MISMATCH,email_225,MISMATCH,consignee,attachments/email_225_SI.txt,attachments/email_225_BL.txt,ASIA PACIFIC PAPERBOARD TRADING PTE LTD,ASIA PACIFIC PAPERBOARD TRADING PTE LTD,ROXCEL TRADING GMBH,AL GURG STATIONERY LLC,TOAN LUC PAPER JOINT STOCK COMPANY,TOAN LUC PAPER JOINT STOCK COMPANY,"PORT KLANG (WESTPORT), MALAYSIA (MYPKG)","PORT KLANG (WESTPORT), MALAYSIA (MYPKG)","GDANSK, POLAND (PLGDN)","GDANSK, POLAND (PLGDN)",1 x 40'HC,1 x 40'HC,"22,596 KG","22,596 KG",,,
MISMATCH,email_243,MISMATCH,"port_of_loading, port_of_discharge",attachments/email_243_SI.xlsx,attachments/email_243_BL.xlsx,ASIA PACIFIC PAPERBOARD TRADING PTE LTD,ASIA PACIFIC PAPERBOARD TRADING PTE LTD,SAFQA LIMITED,SAFQA LIMITED,SAFQA LIMITED,SAFQA LIMITED,"PORT KLANG (WESTPORT), MALAYSIA","RUGAO/NANTONG/SHANGHAI, CHINA","HOUSTON, US","MOMBASA, KENYA",5 x 20'FCL,5 x 20'FCL,100445,100445,,,
MISMATCH,email_256,MISMATCH,"shipper, port_of_discharge",attachments/email_256_SI.txt,attachments/email_256_BL.txt,APRIL FINE PAPER TRADING,APRIL FAR EAST (M) SDN BHD,SAFQA LIMITED,SAFQA LIMITED,HABRAS INTERNATIONAL LIMITED,HABRAS INTERNATIONAL LIMITED,"PORT KLANG (WESTPORT), MALAYSIA (MYPKG)","PORT KLANG (WESTPORT), MALAYSIA (MYPKG)","VALPARAISO, CHILE (CLVAP)","FREMANTLE, AUSTRALIA (CLVAP)",12 x 40'HC,12 x 40'HC,"262,224 KG","262,224 KG",,,
MISMATCH,email_270,MISMATCH,port_of_discharge,attachments/email_270_SI.txt,attachments/email_270_BL.txt,APRIL FAR EAST (M) SDN BHD,APRIL FAR EAST (M) SDN BHD,KPP-ANTALIS (SINGAPORE) PTE. LTD.,KPP-ANTALIS (SINGAPORE) PTE. LTD.,3S PAPER PRODUCTS SDN BHD,3S PAPER PRODUCTS SDN BHD,SINGAPORE (SGSIN),SINGAPORE (SGSIN),"MERSIN, TURKEY (TRMER)","LONG BEACH, US (TRMER)",6 x 20'GP,6 x 20'GP,"139,536 KG","139,536 KG",,,
MISMATCH,email_291,MISMATCH,"consignee, container_count",attachments/email_291_SI.xlsx,attachments/email_291_BL.docx,APRIL FINE PAPER TRADING (MIDDLE EAST) FZE,APRIL FINE PAPER TRADING (MIDDLE EAST) FZE,INTERNATIONAL FOREST PRODUCTS LLC,TOPKOPY MIDDLE EAST FZE,INTERNATIONAL FOREST PRODUCTS LLC,INTERNATIONAL FOREST PRODUCTS LLC,"NANTONG, CHINA","NANTONG, CHINA","SAVANNAH, US","SAVANNAH, US",1 x 20'GP,3 x 20'GP,21745,"21,745",,,
MISMATCH,email_300,MISMATCH,"shipper, notify_party",attachments/email_300_SI.xlsx,attachments/email_300_BL.xlsx,APRIL FAR EAST (M) SDN BHD,APRIL FINE PAPER TRADING (MIDDLE EAST) FZE,SAFQA LIMITED,SAFQA LIMITED,UAB NOVAKOPA,NAGAPPA EXPORTS,"NANTONG, CHINA","NANTONG, CHINA","VALPARAISO, CHILE","VALPARAISO, CHILE",12 x 40'HC,12 x 40'HC,243168,243168,,,
MISMATCH,email_302,MISMATCH,container_count,attachments/email_302_SI.xlsx,attachments/email_302_BL.docx,APRIL FINE PAPER TRADING (MIDDLE EAST) FZE,APRIL FINE PAPER TRADING (MIDDLE EAST) FZE,INTERNATIONAL FOREST PRODUCTS LLC,INTERNATIONAL FOREST PRODUCTS LLC,"KTP CO., LTD","KTP CO., LTD","RUGAO/NANTONG/SHANGHAI, CHINA","RUGAO/NANTONG/SHANGHAI, CHINA","BRISBANE, AUSTRALIA","BRISBANE, AUSTRALIA",2 x 20'GP,4 x 20'GP,40176,"40,176",,,
MISMATCH,email_312,MISMATCH,"shipper, notify_party",attachments/email_312_SI.txt,attachments/email_312_BL.txt,APRIL FINE PAPER TRADING (MIDDLE EAST) FZE,APRIL FAR EAST (M) SDN BHD,3S PAPER PRODUCTS SDN BHD,3S PAPER PRODUCTS SDN BHD,3S PAPER PRODUCTS SDN BHD,KPP-ANTALIS (SINGAPORE) PTE. LTD.,"NANTONG, CHINA (CNNTG)","NANTONG, CHINA (CNNTG)","BRISBANE, AUSTRALIA (AUBNE)","BRISBANE, AUSTRALIA (AUBNE)",10 x 40'HC,10 x 40'HC,"237,010 KG","237,010 KG",,,
MISMATCH,email_313,MISMATCH,"container_count, gross_weight_kg",attachments/email_313_SI.pdf,attachments/email_313_BL.pdf,APRIL FINE PAPER TRADING,APRIL FINE PAPER TRADING,KPP-ANTALIS (SINGAPORE) PTE. LTD.,KPP-ANTALIS (SINGAPORE) PTE. LTD.,KPP-ANTALIS (SINGAPORE) PTE. LTD.,KPP-ANTALIS (SINGAPORE) PTE. LTD.,"RUGAO/NANTONG/SHANGHAI, CHINA","RUGAO/NANTONG/SHANGHAI, CHINA","HOCHIMINH CITY, VIETNAM","HOCHIMINH CITY, VIETNAM",5 x 40'HC,4 x 40'HC,"118,270 KG","117,770 KG",,,
MISMATCH,email_324,MISMATCH,"shipper, container_count",attachments/email_324_SI.txt,attachments/email_324_BL.txt,ASIA PACIFIC PAPERBOARD TRADING PTE LTD,APRIL FAR EAST (M) SDN BHD,CLIFFORD PAPER INC,CLIFFORD PAPER INC,CLIFFORD PAPER INC,CLIFFORD PAPER INC,"BUATAN, INDONESIA (IDBUA)","BUATAN, INDONESIA (IDBUA)","NEW YORK, US (USNYC)","NEW YORK, US (USNYC)",3 x 40'HC,4 x 40'HC,"60,258 KG","60,258 KG",,,
MISMATCH,email_334,MISMATCH,"shipper, consignee",attachments/email_334_SI.txt,attachments/email_334_BL.txt,ASIA PACIFIC PAPERBOARD TRADING PTE LTD,APRIL FINE PAPER TRADING,EAST BRIGHT FZ-LLC,INTERNATIONAL FOREST PRODUCTS LLC,EAST BRIGHT FZ-LLC,EAST BRIGHT FZ-LLC,SINGAPORE (SGSIN),SINGAPORE (SGSIN),"YANGON, MYANMAR (MMRGN)","YANGON, MYANMAR (MMRGN)",6 x 20'GP,6 x 20'GP,"127,692 KG","127,692 KG",,,
MISMATCH,email_342,MISMATCH,"notify_party, container_count",attachments/email_342_SI.txt,attachments/email_342_BL.txt,APRIL FINE PAPER TRADING,APRIL FINE PAPER TRADING,"MOORIM SP CO., LTD","MOORIM SP CO., LTD",HABRAS INTERNATIONAL LIMITED,SAFQA LIMITED,"NHAVA SHEVA, INDIA (INNSA)","NHAVA SHEVA, INDIA (INNSA)","AQABA, JORDAN (JOAQB)","AQABA, JORDAN (JOAQB)",1 x 40'HC,2 x 40'HC,"23,794 KG","23,794 KG",,,
MISMATCH,email_351,MISMATCH,"container_count, gross_weight_kg",attachments/email_351_SI.pdf,attachments/email_351_BL.pdf,APRIL FINE PAPER TRADING (MIDDLE EAST) FZE,APRIL FINE PAPER TRADING (MIDDLE EAST) FZE,"KTP CO., LTD","KTP CO., LTD","KTP CO., LTD","KTP CO., LTD","PORT KLANG (WESTPORT), MALAYSIA","PORT KLANG (WESTPORT), MALAYSIA","ASHDOD, ISRAEL","ASHDOD, ISRAEL",15 x 20'FCL,16 x 20'FCL,"359,415 KG","360,415 KG",,,
MISMATCH,email_354,MISMATCH,"notify_party, gross_weight_kg",attachments/email_354_SI.xlsx,attachments/email_354_BL.docx,APRIL FINE PAPER TRADING,APRIL FINE PAPER TRADING,HABRAS INTERNATIONAL LIMITED,HABRAS INTERNATIONAL LIMITED,HABRAS INTERNATIONAL LIMITED,NAGAPPA EXPORTS,"RUGAO/NANTONG/SHANGHAI, CHINA","RUGAO/NANTONG/SHANGHAI, CHINA","VALPARAISO, CHILE","VALPARAISO, CHILE",1 x 20'GP,1 x 20'GP,20603,"22,603",,,
MISMATCH,email_361,MISMATCH,"port_of_discharge, gross_weight_kg",attachments/email_361_SI.txt,attachments/email_361_BL.txt,APRIL FINE PAPER TRADING (MIDDLE EAST) FZE,APRIL FINE PAPER TRADING (MIDDLE EAST) FZE,PACIFIC OFFICE (M) SDN BHD,PACIFIC OFFICE (M) SDN BHD,ROXCEL TRADING GMBH,ROXCEL TRADING GMBH,"PORT KLANG (WESTPORT), MALAYSIA (MYPKG)","PORT KLANG (WESTPORT), MALAYSIA (MYPKG)","BRISBANE, AUSTRALIA (AUBNE)","MOMBASA, KENYA (AUBNE)",10 x 40'HC,10 x 40'HC,"239,590 KG","238,590 KG",,,
MISMATCH,email_379,MISMATCH,shipper,attachments/email_379_SI.txt,attachments/email_379_BL.txt,APRIL FAR EAST (M) SDN BHD,APRIL FINE PAPER TRADING,ROXCEL TRADING GMBH,ROXCEL TRADING GMBH,ROXCEL TRADING GMBH,ROXCEL TRADING GMBH,"NANTONG, CHINA (CNNTG)","NANTONG, CHINA (CNNTG)","HOUSTON, US (USHOU)","HOUSTON, US (USHOU)",12 x 20'FCL,12 x 20'FCL,"272,232 KG","272,232 KG",,,
MISMATCH,email_410,MISMATCH,port_of_loading,attachments/email_410_SI.txt,attachments/email_410_BL.txt,APRIL FINE PAPER TRADING (MIDDLE EAST) FZE,APRIL FINE PAPER TRADING (MIDDLE EAST) FZE,PACIFIC OFFICE (M) SDN BHD,PACIFIC OFFICE (M) SDN BHD,PACIFIC OFFICE (M) SDN BHD,PACIFIC OFFICE (M) SDN BHD,SINGAPORE (SGSIN),"PORT KLANG (WESTPORT), MALAYSIA (SGSIN)","ASHDOD, ISRAEL (ILASH)","ASHDOD, ISRAEL (ILASH)",15 x 40'HC,15 x 40'HC,"324,210 KG","324,210 KG",,,
MISMATCH,email_416,MISMATCH,gross_weight_kg,attachments/email_416_SI.txt,attachments/email_416_BL.txt,ASIA PACIFIC PAPERBOARD TRADING PTE LTD,ASIA PACIFIC PAPERBOARD TRADING PTE LTD,VITAL SOLUTIONS PTE. LTD.,VITAL SOLUTIONS PTE. LTD.,VITAL SOLUTIONS PTE. LTD.,VITAL SOLUTIONS PTE. LTD.,"PORT KLANG (WESTPORT), MALAYSIA (MYPKG)","PORT KLANG (WESTPORT), MALAYSIA (MYPKG)","LONG BEACH, US (USLGB)","LONG BEACH, US (USLGB)",5 x 40'HC,5 x 40'HC,"105,625 KG","106,625 KG",,,
MISMATCH,email_426,MISMATCH,"port_of_discharge, container_count",attachments/email_426_SI.txt,attachments/email_426_BL.txt,APRIL FINE PAPER TRADING,APRIL FINE PAPER TRADING,"KTP CO., LTD","KTP CO., LTD",PACIFIC OFFICE (M) SDN BHD,PACIFIC OFFICE (M) SDN BHD,"BUATAN, INDONESIA (IDBUA)","BUATAN, INDONESIA (IDBUA)","NEW YORK, US (USNYC)","KLAIPEDA, LITHUANIA (USNYC)",10 x 40'HC,11 x 40'HC,"219,740 KG","219,740 KG",,,
MISMATCH,email_434,MISMATCH,port_of_discharge,attachments/email_434_SI.pdf,attachments/email_434_BL.pdf,APRIL FINE PAPER TRADING (MIDDLE EAST) FZE,APRIL FINE PAPER TRADING (MIDDLE EAST) FZE,TOPKOPY MIDDLE EAST FZE,TOPKOPY MIDDLE EAST FZE,TOPKOPY MIDDLE EAST FZE,TOPKOPY MIDDLE EAST FZE,"NHAVA SHEVA, INDIA","NHAVA SHEVA, INDIA","BUSAN, SOUTH KOREA","CEBU, PHILIPPINES",12 x 20'FCL,12 x 20'FCL,"261,480 KG","261,480 KG",,,
MISMATCH,email_435,MISMATCH,gross_weight_kg,attachments/email_435_SI.xlsx,attachments/email_435_BL.docx,APRIL FINE PAPER TRADING (MIDDLE EAST) FZE,APRIL FINE PAPER TRADING (MIDDLE EAST) FZE,AL GURG STATIONERY LLC,AL GURG STATIONERY LLC,AL GURG STATIONERY LLC,AL GURG STATIONERY LLC,SINGAPORE,SINGAPORE,"AQABA, JORDAN","AQABA, JORDAN",10 x 20'FCL,10 x 20'FCL,214270,"214,770",,,
MISMATCH,email_468,MISMATCH,"port_of_loading, container_count",attachments/email_468_SI.txt,attachments/email_468_BL.txt,ASIA PACIFIC PAPERBOARD TRADING PTE LTD,ASIA PACIFIC PAPERBOARD TRADING PTE LTD,ROXCEL TRADING GMBH,ROXCEL TRADING GMBH,ROXCEL TRADING GMBH,ROXCEL TRADING GMBH,SINGAPORE (SGSIN),"RUGAO/NANTONG/SHANGHAI, CHINA (SGSIN)","ASHDOD, ISRAEL (ILASH)","ASHDOD, ISRAEL (ILASH)",1 x 40'HC,3 x 40'HC,"20,456 KG","20,456 KG",,,
MISMATCH,email_481,MISMATCH,consignee,attachments/email_481_SI.xlsx,attachments/email_481_BL.xlsx,APRIL FAR EAST (M) SDN BHD,APRIL FAR EAST (M) SDN BHD,AL GURG STATIONERY LLC,3S PAPER PRODUCTS SDN BHD,SAFQA LIMITED,SAFQA LIMITED,"RUGAO/NANTONG/SHANGHAI, CHINA","RUGAO/NANTONG/SHANGHAI, CHINA","VALPARAISO, CHILE","VALPARAISO, CHILE",4 x 20'FCL,4 x 20'FCL,91436,91436,,,
MISMATCH,email_499,MISMATCH,gross_weight_kg,attachments/email_499_SI.pdf,attachments/email_499_BL.pdf,APRIL FINE PAPER TRADING (MIDDLE EAST) FZE,APRIL FINE PAPER TRADING (MIDDLE EAST) FZE,TOPKOPY MIDDLE EAST FZE,TOPKOPY MIDDLE EAST FZE,TOPKOPY MIDDLE EAST FZE,TOPKOPY MIDDLE EAST FZE,"PORT KLANG (WESTPORT), MALAYSIA","PORT KLANG (WESTPORT), MALAYSIA","HOCHIMINH CITY, VIETNAM","HOCHIMINH CITY, VIETNAM",2 x 40'HC,2 x 40'HC,"40,326 KG","41,326 KG",,,
NEEDS_REVIEW,email_501,NEEDS_REVIEW,wrong_doc_type,attachments/email_501_SI.txt,attachments/email_501_BL.txt,APRIL FINE PAPER TRADING (MIDDLE EAST) FZE,(missing),KPP-ANTALIS (SINGAPORE) PTE. LTD.,(missing),KPP-ANTALIS (SINGAPORE) PTE. LTD.,(missing),"RUGAO/NANTONG/SHANGHAI, CHINA (CNSHA)",(missing),"HOUSTON, US (USHOU)",(missing),5 x 40'HC,(missing),"100,225 KG",(missing),,,
NEEDS_REVIEW,email_502,NEEDS_REVIEW,wrong_doc_type,attachments/email_502_SI.txt,attachments/email_502_BL.txt,ASIA PACIFIC PAPERBOARD TRADING PTE LTD,ASIA PACIFIC PAPERBOARD TRADING PTE LTD,ROXCEL TRADING GMBH,ROXCEL TRADING GMBH,ROXCEL TRADING GMBH,(missing),SINGAPORE (SGSIN),(missing),"ASHDOD, ISRAEL (ILASH)",(missing),1 x 40'HC,(missing),"22,318 KG",(missing),,,
NEEDS_REVIEW,email_503,NEEDS_REVIEW,wrong_doc_type,attachments/email_503_SI.txt,attachments/email_503_BL.txt,APRIL FAR EAST (M) SDN BHD,APRIL FAR EAST (M) SDN BHD,INTERNATIONAL FOREST PRODUCTS LLC,INTERNATIONAL FOREST PRODUCTS LLC,INTERNATIONAL FOREST PRODUCTS LLC,(missing),"NHAVA SHEVA, INDIA (INNSA)",(missing),"HOCHIMINH CITY, VIETNAM (VNSGN)",(missing),1 x 20'FCL,(missing),"21,772 KG",(missing),,,
NEEDS_REVIEW,email_504,NEEDS_REVIEW,wrong_doc_type,attachments/email_504_SI.txt,attachments/email_504_BL.txt,ASIA PACIFIC PAPERBOARD TRADING PTE LTD,ASIA PACIFIC PAPERBOARD TRADING PTE LTD,PACIFIC OFFICE (M) SDN BHD,PACIFIC OFFICE (M) SDN BHD,PACIFIC OFFICE (M) SDN BHD,(missing),"BUATAN, INDONESIA (IDBUA)",(missing),"ASHDOD, ISRAEL (ILASH)",(missing),10 x 20'FCL,(missing),"221,170 KG",(missing),,,
NEEDS_REVIEW,email_505,NEEDS_REVIEW,wrong_doc_type,attachments/email_505_SI.txt,attachments/email_505_BL.txt,APRIL FINE PAPER TRADING,APRIL FINE PAPER TRADING,EAST BRIGHT FZ-LLC,EAST BRIGHT FZ-LLC,EAST BRIGHT FZ-LLC,(missing),"NANTONG, CHINA (CNNTG)",(missing),"CEBU, PHILIPPINES (PHCEB)",(missing),12 x 40'HC,(missing),"265,560 KG",(missing),,,
NEEDS_REVIEW,email_506,NEEDS_REVIEW,missing_attachment,(none),(none),,,,,,,,,,,,,,,,,
NEEDS_REVIEW,email_507,NEEDS_REVIEW,missing_attachment,attachments/email_507_SI.txt,(none),APRIL FAR EAST (M) SDN BHD,,3S PAPER PRODUCTS SDN BHD,,3S PAPER PRODUCTS SDN BHD,,"PORT KLANG (WESTPORT), MALAYSIA (MYPKG)",,"KOPER, SLOVENIA (SIKOP)",,1 x 40'HC,,"20,572 KG",,,,
NEEDS_REVIEW,email_508,NEEDS_REVIEW,missing_attachment,(none),(none),,,,,,,,,,,,,,,,,
NEEDS_REVIEW,email_509,NEEDS_REVIEW,missing_attachment,attachments/email_509_SI.txt,(none),APRIL FINE PAPER TRADING (MIDDLE EAST) FZE,,INTERNATIONAL FOREST PRODUCTS LLC,,INTERNATIONAL FOREST PRODUCTS LLC,,"BUATAN, INDONESIA (IDBUA)",,"CALLAO, PERU (PECLL)",,6 x 20'FCL,,"123,060 KG",,,,
NEEDS_REVIEW,email_510,NEEDS_REVIEW,missing_attachment,(none),(none),,,,,,,,,,,,,,,,,
NEEDS_REVIEW,email_511,NEEDS_REVIEW,unreadable,attachments/email_511_SI.txt,attachments/email_511_BL.pdf,APRIL FINE PAPER TRADING,(missing),AL GURG STATIONERY LLC,(missing),AL GURG STATIONERY LLC,(missing),"NHAVA SHEVA, INDIA (INNSA)",(missing),"KOPER, SLOVENIA (SIKOP)",(missing),6 x 40'HC,(missing),"134,904 KG",(missing),,,
NEEDS_REVIEW,email_515,NEEDS_REVIEW,unreadable,attachments/email_515_SI.txt,attachments/email_515_BL.pdf,APRIL FINE PAPER TRADING,(missing),3S PAPER PRODUCTS SDN BHD,(missing),3S PAPER PRODUCTS SDN BHD,(missing),"BUATAN, INDONESIA (IDBUA)",(missing),"AQABA, JORDAN (JOAQB)",(missing),1 x 40'HC,(missing),"21,949 KG",(missing),,,
NEEDS_REVIEW,email_516,NEEDS_REVIEW,missing_value,attachments/email_516_SI.txt,attachments/email_516_BL.txt,APRIL FINE PAPER TRADING,APRIL FINE PAPER TRADING,KPP-ANTALIS (SINGAPORE) PTE. LTD.,KPP-ANTALIS (SINGAPORE) PTE. LTD.,KPP-ANTALIS (SINGAPORE) PTE. LTD.,KPP-ANTALIS (SINGAPORE) PTE. LTD.,"NHAVA SHEVA, INDIA","NHAVA SHEVA, INDIA (INNSA)","CONAKRY, GUINEA","CONAKRY, GUINEA (GNCKY)",10 x 20'FCL,10 x 20'FCL,N/A,"235,550 KG",,,
NEEDS_REVIEW,email_517,NEEDS_REVIEW,missing_value,attachments/email_517_SI.txt,attachments/email_517_BL.txt,APRIL FAR EAST (M) SDN BHD,APRIL FAR EAST (M) SDN BHD,BALL & DOGGETT AUSTRALIA PTY LTD,BALL & DOGGETT AUSTRALIA PTY LTD,BALL & DOGGETT AUSTRALIA PTY LTD,BALL & DOGGETT AUSTRALIA PTY LTD,____MT,SINGAPORE (SGSIN),TBA,"CALLAO, PERU (PECLL)",15 x 20'GP,15 x 20'GP,"340,770 KG","340,770 KG",,,
NEEDS_REVIEW,email_518,NEEDS_REVIEW,missing_value,attachments/email_518_SI.txt,attachments/email_518_BL.txt,APRIL FINE PAPER TRADING,APRIL FINE PAPER TRADING,"MOORIM SP CO., LTD","MOORIM SP CO., LTD","MOORIM SP CO., LTD","MOORIM SP CO., LTD","NANTONG, CHINA","NANTONG, CHINA (CNNTG)",N/A,"APAPA, NIGERIA (NGAPP)",6 x 20'GP,6 x 20'GP,____MT,"134,586 KG",,,
NEEDS_REVIEW,email_519,NEEDS_REVIEW,missing_value,attachments/email_519_SI.txt,attachments/email_519_BL.txt,,ASIA PACIFIC PAPERBOARD TRADING PTE LTD,UAB NOVAKOPA,UAB NOVAKOPA,UAB NOVAKOPA,UAB NOVAKOPA,"BUATAN, INDONESIA","BUATAN, INDONESIA (IDBUA)","BUSAN, SOUTH KOREA","BUSAN, SOUTH KOREA (KRPUS)",,3 x 20'FCL,"70,572 KG","70,572 KG",,,
NEEDS_REVIEW,email_520,NEEDS_REVIEW,missing_value,attachments/email_520_SI.txt,attachments/email_520_BL.txt,APRIL FINE PAPER TRADING,APRIL FINE PAPER TRADING,,CLIFFORD PAPER INC,CLIFFORD PAPER INC,CLIFFORD PAPER INC,SINGAPORE,SINGAPORE (SGSIN),"PYEONGTAEK, SOUTH KOREA","PYEONGTAEK, SOUTH KOREA (KRPTK)",6 x 40'HC,6 x 40'HC,"122,640 KG","122,640 KG",,,
OK_SAMPLE,email_009,OK,,attachments/email_009_SI.txt,attachments/email_009_BL.txt,ASIA PACIFIC PAPERBOARD TRADING PTE LTD,ASIA PACIFIC PAPERBOARD TRADING PTE LTD,PACIFIC OFFICE (M) SDN BHD,PACIFIC OFFICE (M) SDN BHD,PACIFIC OFFICE (M) SDN BHD,PACIFIC OFFICE (M) SDN BHD,"PORT KLANG (WESTPORT), MALAYSIA (MYPKG)","PORT KLANG (WESTPORT), MALAYSIA (MYPKG)","MERSIN, TURKEY (TRMER)","MERSIN, TURKEY (TRMER)",1 x 40'HC,1 x 40'HC,"20,381 KG","20,381 KG",,,
OK_SAMPLE,email_032,OK,,attachments/email_032_SI.txt,attachments/email_032_BL.txt,APRIL FAR EAST (M) SDN BHD,APRIL FAR EAST (M) SDN BHD,TOPKOPY MIDDLE EAST FZE,TOPKOPY MIDDLE EAST FZE,TOPKOPY MIDDLE EAST FZE,TOPKOPY MIDDLE EAST FZE,"RUGAO/NANTONG/SHANGHAI, CHINA (CNSHA)","RUGAO/NANTONG/SHANGHAI, CHINA (CNSHA)","KARACHI, PAKISTAN (PKKHI)","KARACHI, PAKISTAN (PKKHI)",3 x 40'HC,3 x 40'HC,"64,092 KG","64,092 KG",,,
OK_SAMPLE,email_040,OK,,attachments/email_040_SI.txt,attachments/email_040_BL.txt,APRIL FINE PAPER TRADING (MIDDLE EAST) FZE,APRIL FINE PAPER TRADING (MIDDLE EAST) FZE,TOPKOPY MIDDLE EAST FZE,TOPKOPY MIDDLE EAST FZE,SAFQA LIMITED,SAFQA LIMITED,"NHAVA SHEVA, INDIA (INNSA)","NHAVA SHEVA, INDIA (INNSA)","CONAKRY, GUINEA (GNCKY)","CONAKRY, GUINEA (GNCKY)",10 x 20'FCL,10 x 20'FCL,"222,690 KG","222,690 KG",,,
OK_SAMPLE,email_044,OK,,attachments/email_044_SI.txt,attachments/email_044_BL.txt,APRIL FINE PAPER TRADING,APRIL FINE PAPER TRADING,SAFQA LIMITED,SAFQA LIMITED,SAFQA LIMITED,SAFQA LIMITED,"BUATAN, INDONESIA (IDBUA)","BUATAN, INDONESIA (IDBUA)","APAPA, NIGERIA (NGAPP)","APAPA, NIGERIA (NGAPP)",2 x 40'HC,2 x 40'HC,"47,192 KG","47,192 KG",,,
OK_SAMPLE,email_052,OK,,attachments/email_052_SI.txt,attachments/email_052_BL.txt,APRIL FAR EAST (M) SDN BHD,APRIL FAR EAST (M) SDN BHD,BALL & DOGGETT AUSTRALIA PTY LTD,BALL & DOGGETT AUSTRALIA PTY LTD,BALL & DOGGETT AUSTRALIA PTY LTD,BALL & DOGGETT AUSTRALIA PTY LTD,SINGAPORE (SGSIN),SINGAPORE (SGSIN),"PYEONGTAEK, SOUTH KOREA (KRPTK)","PYEONGTAEK, SOUTH KOREA (KRPTK)",6 x 40'HC,6 x 40'HC,"135,930 KG","135,930 KG",,,
OK_SAMPLE,email_068,OK,,attachments/email_068_SI.txt,attachments/email_068_BL.txt,APRIL FINE PAPER TRADING,APRIL FINE PAPER TRADING,PACIFIC OFFICE (M) SDN BHD,PACIFIC OFFICE (M) SDN BHD,PACIFIC OFFICE (M) SDN BHD,PACIFIC OFFICE (M) SDN BHD,"BUATAN, INDONESIA (IDBUA)","BUATAN, INDONESIA (IDBUA)","YANGON, MYANMAR (MMRGN)","YANGON, MYANMAR (MMRGN)",4 x 40'HC,4 x 40'HC,"81,100 KG","81,100 KG",,,
OK_SAMPLE,email_082,OK,,attachments/email_082_SI.txt,attachments/email_082_BL.txt,APRIL FAR EAST (M) SDN BHD,APRIL FAR EAST (M) SDN BHD,SAFQA LIMITED,SAFQA LIMITED,SAFQA LIMITED,SAFQA LIMITED,"NHAVA SHEVA, INDIA (INNSA)","NHAVA SHEVA, INDIA (INNSA)","CALLAO, PERU (PECLL)","CALLAO, PERU (PECLL)",3 x 40'HC,3 x 40'HC,"61,026 KG","61,026 KG",,,
OK_SAMPLE,email_197,OK,,attachments/email_197_SI.txt,attachments/email_197_BL.txt,APRIL FAR EAST (M) SDN BHD,APRIL FAR EAST (M) SDN BHD,CLIFFORD PAPER INC,CLIFFORD PAPER INC,CLIFFORD PAPER INC,CLIFFORD PAPER INC,"RUGAO/NANTONG/SHANGHAI, CHINA (CNSHA)","RUGAO/NANTONG/SHANGHAI, CHINA (CNSHA)","SAVANNAH, US (USSAV)","SAVANNAH, US (USSAV)",1 x 20'GP,1 x 20'GP,"20,065 KG","20,065 KG",,,
OK_SAMPLE,email_273,OK,,attachments/email_273_SI.pdf,attachments/email_273_BL.pdf,ASIA PACIFIC PAPERBOARD TRADING PTE LTD,ASIA PACIFIC PAPERBOARD TRADING PTE LTD,KPP-ANTALIS (SINGAPORE) PTE. LTD.,KPP-ANTALIS (SINGAPORE) PTE. LTD.,INTERNATIONAL FOREST PRODUCTS LLC,INTERNATIONAL FOREST PRODUCTS LLC,"RUGAO/NANTONG/SHANGHAI, CHINA","RUGAO/NANTONG/SHANGHAI, CHINA","CONAKRY, GUINEA","CONAKRY, GUINEA",2 x 20'FCL,2 x 20'FCL,"41,604 KG","41,604 KG",,,
OK_SAMPLE,email_275,OK,,attachments/email_275_SI.txt,attachments/email_275_BL.txt,APRIL FAR EAST (M) SDN BHD,APRIL FAR EAST (M) SDN BHD,PACIFIC OFFICE (M) SDN BHD,PACIFIC OFFICE (M) SDN BHD,PACIFIC OFFICE (M) SDN BHD,PACIFIC OFFICE (M) SDN BHD,"PORT KLANG (WESTPORT), MALAYSIA (MYPKG)","PORT KLANG (WESTPORT), MALAYSIA (MYPKG)","FREMANTLE, AUSTRALIA (AUFRE)","FREMANTLE, AUSTRALIA (AUFRE)",12 x 20'FCL,12 x 20'FCL,"271,932 KG","271,932 KG",,,
OK_SAMPLE,email_307,OK,,attachments/email_307_SI.txt,attachments/email_307_BL.txt,APRIL FINE PAPER TRADING,APRIL FINE PAPER TRADING,BALL & DOGGETT AUSTRALIA PTY LTD,BALL & DOGGETT AUSTRALIA PTY LTD,BALL & DOGGETT AUSTRALIA PTY LTD,BALL & DOGGETT AUSTRALIA PTY LTD,"NANTONG, CHINA (CNNTG)","NANTONG, CHINA (CNNTG)","KOPER, SLOVENIA (SIKOP)","KOPER, SLOVENIA (SIKOP)",1 x 40'HC,1 x 40'HC,"23,869 KG","23,869 KG",,,
OK_SAMPLE,email_377,OK,,attachments/email_377_SI.txt,attachments/email_377_BL.txt,APRIL FINE PAPER TRADING (MIDDLE EAST) FZE,APRIL FINE PAPER TRADING (MIDDLE EAST) FZE,VITAL SOLUTIONS PTE. LTD.,VITAL SOLUTIONS PTE. LTD.,VITAL SOLUTIONS PTE. LTD.,VITAL SOLUTIONS PTE. LTD.,"PORT KLANG (WESTPORT), MALAYSIA (MYPKG)","PORT KLANG (WESTPORT), MALAYSIA (MYPKG)","YANGON, MYANMAR (MMRGN)","YANGON, MYANMAR (MMRGN)",6 x 20'FCL,6 x 20'FCL,"126,870 KG","126,870 KG",,,
OK_SAMPLE,email_398,OK,,attachments/email_398_SI.xlsx,attachments/email_398_BL.xlsx,ASIA PACIFIC PAPERBOARD TRADING PTE LTD,ASIA PACIFIC PAPERBOARD TRADING PTE LTD,EAST BRIGHT FZ-LLC,EAST BRIGHT FZ-LLC,EAST BRIGHT FZ-LLC,EAST BRIGHT FZ-LLC,"PORT KLANG (WESTPORT), MALAYSIA","PORT KLANG (WESTPORT), MALAYSIA","PYEONGTAEK, SOUTH KOREA","PYEONGTAEK, SOUTH KOREA",3 x 20'GP,3 x 20'GP,63954,63954,,,
OK_SAMPLE,email_491,OK,,attachments/email_491_SI.txt,attachments/email_491_BL.txt,APRIL FAR EAST (M) SDN BHD,APRIL FAR EAST (M) SDN BHD,AL GURG STATIONERY LLC,AL GURG STATIONERY LLC,AL GURG STATIONERY LLC,AL GURG STATIONERY LLC,"BUATAN, INDONESIA (IDBUA)","BUATAN, INDONESIA (IDBUA)","GDANSK, POLAND (PLGDN)","GDANSK, POLAND (PLGDN)",1 x 40'HC,1 x 40'HC,"20,164 KG","20,164 KG",,,
OK_SAMPLE,email_514,OK,,attachments/email_514_SI.pdf,attachments/email_514_BL.pdf,ASIA PACIFIC PAPERBOARD TRADING PTE LTD,ASIA PACIFIC PAPERBOARD TRADING PTE LTD,EAST BRIGHT FZ-LLC,EAST BRIGHT FZ-LLC,EAST BRIGHT FZ-LLC,EAST BRIGHT F Z-LLC,"NANTONG, CHINA",NAN TONG GHIMA,GDANSK POLAND,"GDANSK, POLAND",1x 20'FCL,1x ZO'FCL,"22,825 KG","22,825 KG",,,
